policy_id	display_name	excludeGroups	includeGroups	excludeRoles	authenticationStrength_id	state	goal
0ab1380f-3863-40a5-ab97-24250e1cf44e	IAC - AGENT - BLOCK - HighRiskAgent					enabledForReportingButNotEnforced	
1d8beea4-2ea1-4758-8e22-d6310a60220a	IAC - AGENT - BLOCK - NonTrustedAgents					enabledForReportingButNotEnforced	
1f960ec9-885f-4032-a6b2-a5c559279274	IAC - APP - BLOCK - SharePoint-OneDrive-NonTrustedLocations	62d67e66-2bc9-43cd-b00c-6326dae53d18;e663a7ce-daec-4062-88b8-5970bfec8019;9ee031a3-3551-4bc3-a81d-d6f0149ae329;b63c3682-06c6-45f0-9692-ee76b604b4f9				enabledForReportingButNotEnforced	
1d3a7677-a723-4c56-924c-2e1dc63df105	IAC - APP - inforcer - RequireMFA	62d67e66-2bc9-43cd-b00c-6326dae53d18;b63c3682-06c6-45f0-9692-ee76b604b4f9				enabledForReportingButNotEnforced	
	IAC - APP - SESSION - IntuneEnrollment-SIFEveryTime	CA-GlobalExclusions-GroupID-ReplaceMe				enabledForReportingButNotEnforced	
9bc2ad69-4aed-4242-807d-788446196b8b	IAC - APP – BLOCK – AVD - Exclude - AllowedAVDUsers	9ee031a3-3551-4bc3-a81d-d6f0149ae329;902993ed-96f7-4af6-825c-510dfc97b258;62d67e66-2bc9-43cd-b00c-6326dae53d18;b63c3682-06c6-45f0-9692-ee76b604b4f9				enabledForReportingButNotEnforced	
b13dd393-f644-45c8-81bf-aa7f4032ebd3	IAC - APP – BLOCK – AVD - NonTrustedLocations	9ee031a3-3551-4bc3-a81d-d6f0149ae329;62d67e66-2bc9-43cd-b00c-6326dae53d18;b63c3682-06c6-45f0-9692-ee76b604b4f9				enabledForReportingButNotEnforced	
fa005ec2-4940-49c8-b4e7-b58e66ef481c	IAC - GLOBAL - BLOCK - Authentication Transfer	62d67e66-2bc9-43cd-b00c-6326dae53d18;e663a7ce-daec-4062-88b8-5970bfec8019;b63c3682-06c6-45f0-9692-ee76b604b4f9				enabledForReportingButNotEnforced	block-auth-transfer
8b42eda3-6917-4ab4-afb2-e32c37520f9b	IAC - GLOBAL - BLOCK - Device Code Auth Flow	62d67e66-2bc9-43cd-b00c-6326dae53d18;b63c3682-06c6-45f0-9692-ee76b604b4f9				enabled	block-device-code
9e21fa64-8d9a-4e62-81da-9abce8859a0c	IAC - GLOBAL - BLOCK - Unsupported Device Platforms	62d67e66-2bc9-43cd-b00c-6326dae53d18;b63c3682-06c6-45f0-9692-ee76b604b4f9				enabled	block-unsupported-platforms
1588fdc7-f34a-468e-8023-4d788ef5d226	IAC - GLOBAL - GRANT - BreakGlass - TrustedLocations				42de22a7-5339-4a58-b560-28565d53b14d	enabledForReportingButNotEnforced	
f893f39f-2ab3-4f1e-a8e1-9a2b9589a9ce	IAC - GLOBAL - GRANT - MFA - AllAdmins	62d67e66-2bc9-43cd-b00c-6326dae53d18;b63c3682-06c6-45f0-9692-ee76b604b4f9			42de22a7-5339-4a58-b560-28565d53b14d	enabled	admins-phishing-resistant
a66e8427-e5e7-4072-bfd1-7e99db7a7dc4	IAC - GLOBAL - GRANT - MFA - AllUsers	62d67e66-2bc9-43cd-b00c-6326dae53d18;e663a7ce-daec-4062-88b8-5970bfec8019;b63c3682-06c6-45f0-9692-ee76b604b4f9				enabledForReportingButNotEnforced	mfa-all-users
f25f94e0-98b6-41be-b9d6-68cb781004a4	IAC - GLOBAL - GRANT - MFA - B2B-Guest	b63c3682-06c6-45f0-9692-ee76b604b4f9			42de22a7-5339-4a58-b560-28565d53b14d	enabledForReportingButNotEnforced	guests-mfa
e0fabad3-bd0f-42e4-a901-51ef7ab8889c	IAC - GLOBAL - GRANT - MFA - Mixed-Guests	b63c3682-06c6-45f0-9692-ee76b604b4f9				enabledForReportingButNotEnforced	guests-mfa
ab659968-2e8a-4448-9710-d930aada3499	IAC - GLOBAL - GRANT - MFA - WindowsAzureAD-BaselineScopes	5628ad67-f9d1-4495-abe3-99dc8f9074f1			42de22a7-5339-4a58-b560-28565d53b14d	enabledForReportingButNotEnforced	
30a1edce-e832-456b-b2c5-4b1098d3a9b3	IAC - GLOBAL - GRANT - MFA-Passkey - UserRegistration	62d67e66-2bc9-43cd-b00c-6326dae53d18;b63c3682-06c6-45f0-9692-ee76b604b4f9	1178bb5d-4f19-4b69-b33b-44eb7f5b39c9		42de22a7-5339-4a58-b560-28565d53b14d	enabledForReportingButNotEnforced	
a53c4c2b-b577-4d88-b64d-36b92f8f3ca0	IAC - GLOBAL - GRANT - MFA-Passkeys - ADM-Users	62d67e66-2bc9-43cd-b00c-6326dae53d18;b63c3682-06c6-45f0-9692-ee76b604b4f9	5f96c57d-380f-4872-97ff-cfd74ef1ac1a		42de22a7-5339-4a58-b560-28565d53b14d	enabledForReportingButNotEnforced	
8bb25c6a-ed35-4556-bed4-b3aaa14e192b	IAC - GLOBAL - SESSION - Windows - TokenProtection	62d67e66-2bc9-43cd-b00c-6326dae53d18;b63c3682-06c6-45f0-9692-ee76b604b4f9				enabledForReportingButNotEnforced	token-protection
9eab445f-7f21-479a-85c9-29769512067e	IAC - GLOBAL – BLOCK - Legacy Authentication	62d67e66-2bc9-43cd-b00c-6326dae53d18;b63c3682-06c6-45f0-9692-ee76b604b4f9				enabled	block-legacy-auth
f3f4ad30-86a8-4e29-8ec9-4efab1a459f5	IAC - GLOBAL – BLOCK – Countries not Allowed	62d67e66-2bc9-43cd-b00c-6326dae53d18;b63c3682-06c6-45f0-9692-ee76b604b4f9;cc7f9bb7-425b-42fc-b025-311a1a3eb0f4				enabled	geo-restriction
1eaf943a-abad-4c77-b101-0c5342fc1044	IAC - GLOBAL – BLOCK – Countries not Allowed - NoExclusions	62d67e66-2bc9-43cd-b00c-6326dae53d18;b63c3682-06c6-45f0-9692-ee76b604b4f9				enabled	
99eabebd-877c-4800-aa15-d389b8767760	IAC - GLOBAL – BLOCK – Service Accounts	62d67e66-2bc9-43cd-b00c-6326dae53d18;e663a7ce-daec-4062-88b8-5970bfec8019;b63c3682-06c6-45f0-9692-ee76b604b4f9	6612d6d7-12c8-4cbd-8ad5-7460ae2a6579			enabledForReportingButNotEnforced	service-accounts-trusted-network
04b969aa-3e98-4e0f-8b32-2319b199b56a	IAC - GLOBAL – SESSION – Admin Persistence (4 Hours)	62d67e66-2bc9-43cd-b00c-6326dae53d18;b63c3682-06c6-45f0-9692-ee76b604b4f9				enabled	admin-session
ea9459a9-91b6-4d2b-b929-03781ac81d54	IAC - GLOBAL – SESSION – All Users Persistence (9-12 Hours)	62d67e66-2bc9-43cd-b00c-6326dae53d18;b63c3682-06c6-45f0-9692-ee76b604b4f9				enabledForReportingButNotEnforced	all-users-no-persistence
660ab461-0de5-4b00-baea-ec7325280f60	IAC - INTUNE - GRANT - RequireCompliantDevice	2d25c298-555e-4f26-9984-90dfb7eae325;62d67e66-2bc9-43cd-b00c-6326dae53d18;b63c3682-06c6-45f0-9692-ee76b604b4f9				enabledForReportingButNotEnforced	require-managed-device
aeb49474-5250-4b65-8b0a-56c47127ee0f	IAC - INTUNE – GRANT – Device Registration - MFA Strength	2d25c298-555e-4f26-9984-90dfb7eae325;62d67e66-2bc9-43cd-b00c-6326dae53d18;b63c3682-06c6-45f0-9692-ee76b604b4f9;5628ad67-f9d1-4495-abe3-99dc8f9074f1			42de22a7-5339-4a58-b560-28565d53b14d	enabledForReportingButNotEnforced	device-registration-mfa
a6b3b754-9079-48f0-abb2-9e79b2f41095	IAC - P2 - APP - SESSION - PIM - Reauthentication	b63c3682-06c6-45f0-9692-ee76b604b4f9			42de22a7-5339-4a58-b560-28565d53b14d	enabledForReportingButNotEnforced	pim-activation-reauth
768858bd-a5ad-47de-8acb-5e815cde0857	IAC - P2 - GLOBAL - BLOCK - RiskyUsers - RegisterSecurityInfo	b63c3682-06c6-45f0-9692-ee76b604b4f9				enabledForReportingButNotEnforced	
bb6a814e-808a-467c-9475-06f89140ce99	IAC - P2 - GLOBAL - GRANT - EAM - High-Risk Users - Risk Remediation	b63c3682-06c6-45f0-9692-ee76b604b4f9;5628ad67-f9d1-4495-abe3-99dc8f9074f1	8d0564e5-ab28-4283-9a94-9883c581adde			enabled	
53a8df0b-4658-4835-ace2-100b5d287aac	IAC - P2 - GLOBAL - GRANT - High-Risk Sign-Ins	b63c3682-06c6-45f0-9692-ee76b604b4f9			42de22a7-5339-4a58-b560-28565d53b14d	enabledForReportingButNotEnforced	sign-in-risk
544cd9ef-5e37-4568-9ad8-b8e151be1814	IAC - P2 - GLOBAL - GRANT - High-Risk Users - Risk Remediation	5628ad67-f9d1-4495-abe3-99dc8f9074f1;8d0564e5-ab28-4283-9a94-9883c581adde			42de22a7-5339-4a58-b560-28565d53b14d	enabled	user-risk
180ab5a3-d3ae-4457-9ef1-e3c06f5dfbfc	IAC - P2 - GLOBAL - GRANT - Medium-Risk Sign-Ins	b63c3682-06c6-45f0-9692-ee76b604b4f9				enabledForReportingButNotEnforced	sign-in-risk-medium
7475b373-0544-4ee8-8827-cff35009136d	IAC - P2 - GLOBAL - GRANT - Medium-Risk Users	b63c3682-06c6-45f0-9692-ee76b604b4f9;5628ad67-f9d1-4495-abe3-99dc8f9074f1			42de22a7-5339-4a58-b560-28565d53b14d	enabled	user-risk-medium
	IAC - WORKLOAD - BLOCK - EntraConnectIDSync - ExcludeEntraConnectIP					enabledForReportingButNotEnforced	
fafaa50c-0b61-4ac6-a589-f9a1120b2f9e	IAC - ZTCA - GLOBAL – BLOCK – Admin Portal	62d67e66-2bc9-43cd-b00c-6326dae53d18;e663a7ce-daec-4062-88b8-5970bfec8019;b63c3682-06c6-45f0-9692-ee76b604b4f9				enabledForReportingButNotEnforced	admin-portals-protected
2dd84b12-7900-40f0-b192-027c20aaa83f	IAC - ZTCA - INTUNE - BLOCK - AllApps - ExcludeTrustedLocation	62d67e66-2bc9-43cd-b00c-6326dae53d18;b63c3682-06c6-45f0-9692-ee76b604b4f9				enabledForReportingButNotEnforced	
8417ec17-17f5-44c1-b937-85b1917f5d9e	IAC- ZTCA - GLOBAL - BLOCK - AllApps -Exclude CA-Global	62d67e66-2bc9-43cd-b00c-6326dae53d18;e663a7ce-daec-4062-88b8-5970bfec8019;b63c3682-06c6-45f0-9692-ee76b604b4f9				enabledForReportingButNotEnforced	
